﻿<parameters>
  <parameter name="IIS Web Application Name" defaultValue="Default Web Site/LisaKatherine_deploy" tags="IisApp">
    <parameterEntry kind="ProviderPath" scope="IisApp" match="^J:\\WorkProjects\\LisaKatherine\\LisaKatherine\\obj\\Debug\\Package\\PackageTmp$" />
    <parameterEntry kind="ProviderPath" scope="setAcl" match="^J:\\WorkProjects\\LisaKatherine\\LisaKatherine\\obj\\Debug\\Package\\PackageTmp$" />
  </parameter>
  <parameter name="WEBSITEDB-Web.config Connection String" description="WEBSITEDB Connection String used in web.config by the application to access the database." defaultValue="Data Source=(local);Initial Catalog=LisaKatherine;Application Name=LisaKatherine Website;User ID=Lisa;Password=pa55word" tags="SqlConnectionString">
    <parameterEntry kind="XmlFile" scope="J:\\WorkProjects\\LisaKatherine\\LisaKatherine\\obj\\Debug\\Package\\PackageTmp\\Views\\Web\.config$" match="/configuration/connectionStrings/add[@name='WEBSITEDB']/@connectionString" />
  </parameter>
  <parameter name="ApplicationServices-Web.config Connection String" description="ApplicationServices Connection String used in web.config by the application to access the database." defaultValue="data source=.\SQLEXPRESS;Integrated Security=SSPI;AttachDBFilename=|DataDirectory|aspnetdb.mdf;User Instance=true" tags="SqlConnectionString">
    <parameterEntry kind="XmlFile" scope="J:\\WorkProjects\\LisaKatherine\\LisaKatherine\\obj\\Debug\\Package\\PackageTmp\\Web\.config$" match="/configuration/connectionStrings/add[@name='ApplicationServices']/@connectionString" />
  </parameter>
  <parameter name="LisaKatherineEntities-Web.config Connection String" description="LisaKatherineEntities Connection String used in web.config by the application to access the database." defaultValue="metadata=res://*/Models.LKDataEntities.csdl|res://*/Models.LKDataEntities.ssdl|res://*/Models.LKDataEntities.msl;provider=System.Data.SqlClient;provider connection string=&quot;Data Source=(local);Initial Catalog=LisaKatherine;Integrated Security=True;MultipleActiveResultSets=True&quot;" tags="SqlConnectionString">
    <parameterEntry kind="XmlFile" scope="J:\\WorkProjects\\LisaKatherine\\LisaKatherine\\obj\\Debug\\Package\\PackageTmp\\Web\.config$" match="/configuration/connectionStrings/add[@name='LisaKatherineEntities']/@connectionString" />
  </parameter>
</parameters>